episode,reward,epsilon,avg_temp,max_temp,avg_util
1,-4735.065025924986,0.995,25.0,25.0,0.0813492089509964
2,-300.0466331928163,0.990025,25.0,25.0,0.0793650820851326
3,-300.0462694420925,0.985074875,25.0,25.0,0.07956349849700928
4,-300.0489432840572,0.9801495006250001,25.0,25.0,0.07916666567325592
5,-300.04221997443756,0.9752487531218751,25.0,25.0,0.0793650820851326
6,-300.0577107575136,0.9703725093562657,25.0,25.0,0.07976190745830536
7,-300.04329780614626,0.9655206468094844,25.0,25.0,0.0793650820851326
8,-300.1891541528837,0.960693043575437,25.0,25.0,0.08353175222873688
9,-310.1024029422592,0.9558895783575597,25.0,25.0,0.0813492089509964
10,-310.07834417056233,0.9511101304657719,25.0,25.0,0.0803571417927742
11,-300.11615859359284,0.946354579813443,25.0,25.0,0.08055555820465088
12,-350.0561338917271,0.9416228069143757,25.0,25.0,0.07777778059244156
13,-320.1120756385963,0.9369146928798039,25.0,25.0,0.07976190745830536
14,-310.12544019774685,0.9322301194154049,25.0,25.0,0.08571428805589676
15,-310.0453856365936,0.9275689688183278,25.0,25.0,0.07896825671195984
16,-330.066552531156,0.9229311239742362,25.0,25.0,0.07817460596561432
17,-310.05361739451456,0.918316468354365,25.0,25.0,0.07876984030008316
18,-360.0608743415463,0.9137248860125932,25.0,25.0,0.07678571343421936
19,-300.13991086608263,0.9091562615825302,25.0,25.0,0.09186508506536484
20,-360.21195914739536,0.9046104802746175,25.0,25.0,0.0902777835726738
21,-340.12348596725843,0.9000874278732445,25.0,25.0,0.0803571417927742
22,-340.10940964536894,0.8955869907338783,25.0,25.0,0.078373022377491
23,-340.0598403173594,0.8911090557802088,25.0,25.0,0.07817460596561432
24,-340.07667645544734,0.8866535105013078,25.0,25.0,0.0793650820851326
25,-320.0836949214073,0.8822202429488013,25.0,25.0,0.07976190745830536
26,-350.08138678067394,0.8778091417340573,25.0,25.0,0.07857143133878708
27,-360.07100084259974,0.8734200960253871,25.0,25.0,0.07698412984609604
28,-320.02382772285284,0.8690529955452602,25.0,25.0,0.07599207013845444
29,-340.062442538476,0.8647077305675338,25.0,25.0,0.07757937163114548
30,-370.07223021184177,0.8603841919146962,25.0,25.0,0.07658730447292328
31,-340.0990454960457,0.8560822709551227,25.0,25.0,0.07777777314186096
32,-360.0612448481213,0.851801859600347,25.0,25.0,0.07698412984609604
33,-380.0685314107164,0.8475428503023453,25.0,25.0,0.07619047909975052
34,-390.0418344261658,0.8433051360508336,25.0,25.0,0.07579365372657776
35,-350.0872117379452,0.8390886103705794,25.0,25.0,0.0773809552192688
36,-410.1023340078883,0.8348931673187264,25.0,25.0,0.07500000298023224
37,-390.07877213274776,0.8307187014821328,25.0,25.0,0.07579365372657776
38,-390.0533002516987,0.8265651079747222,25.0,25.0,0.07579365372657776
39,-430.0835438329691,0.8224322824348486,25.0,25.0,0.07420635223388672
40,-350.07461258960046,0.8183201210226743,25.0,25.0,0.0773809552192688
41,-440.04905644683635,0.8142285204175609,25.0,25.0,0.07281746715307236
42,-390.07074769385764,0.810157377815473,25.0,25.0,0.07519841939210892
43,-370.0317534337058,0.8061065909263957,25.0,25.0,0.07420635223388672
44,-420.02698069408933,0.8020760579717637,25.0,25.0,0.07460317760705948
45,-390.0986182164397,0.798065677681905,25.0,25.0,0.07559523731470108
46,-420.0888293105079,0.7940753492934954,25.0,25.0,0.07400794327259064
47,-420.0529110417682,0.7901049725470279,25.0,25.0,0.07460317760705948
48,-370.0822743192396,0.7861544476842928,25.0,25.0,0.07658730447292328
49,-420.1020241545816,0.7822236754458713,25.0,25.0,0.07460317760705948
50,-360.09036083394597,0.778312557068642,25.0,25.0,0.0763888955116272
51,-440.039292551313,0.7744209942832988,25.0,25.0,0.07380952686071396
52,-410.05858268782333,0.7705488893118823,25.0,25.0,0.07500000298023224
53,-520.0697336547894,0.7666961448653229,25.0,25.0,0.06984127312898636
54,-550.0046873267578,0.7628626641409962,25.0,25.0,0.06765872985124588
55,-350.0840782523646,0.7590483508202912,25.0,25.0,0.07718254625797272
56,-430.06380375490176,0.7552531090661897,25.0,25.0,0.0734126940369606
57,-500.04611900515243,0.7514768435208588,25.0,25.0,0.0694444477558136
58,-480.07286807049513,0.7477194593032545,25.0,25.0,0.07162699103355408
59,-420.0911435182848,0.7439808620067382,25.0,25.0,0.07460317760705948
60,-510.0254873733251,0.7402609576967045,25.0,25.0,0.0704365074634552
61,-509.9317824780335,0.736559652908221,25.0,25.0,0.06111111491918564
62,-530.0078276176379,0.7328768546436799,25.0,25.0,0.06865079700946808
63,-500.0590453402585,0.7292124703704616,25.0,25.0,0.0714285746216774
64,-430.0764411150589,0.7255664080186093,25.0,25.0,0.07420635223388672
65,-520.038992003929,0.7219385759785162,25.0,25.0,0.07023809850215912
66,-520.0247505016405,0.7183288830986236,25.0,25.0,0.07063492387533188
67,-590.0305190230979,0.7147372386831305,25.0,25.0,0.06825397163629532
68,-620.0515879931077,0.7111635524897149,25.0,25.0,0.06924603879451752
69,-470.08801048858743,0.7076077347272662,25.0,25.0,0.06607142835855484
70,-569.9999876802904,0.7040696960536299,25.0,25.0,0.06686508655548096
71,-529.9894476294735,0.7005493475733617,25.0,25.0,0.06904762238264084
72,-540.0295159857426,0.697046600835495,25.0,25.0,0.0694444477558136
73,-719.9836067704647,0.6935613678313175,25.0,25.0,0.06269841641187668
74,-620.1773941475655,0.6900935609921609,25.0,25.0,0.07222221791744232
75,-630.0915335739448,0.6866430931872001,25.0,25.0,0.072420634329319
76,-700.3481297558084,0.6832098777212641,25.0,25.0,0.08015873283147812
77,-580.0070956953285,0.6797938283326578,25.0,25.0,0.06428571790456772
78,-599.9395810559768,0.6763948591909945,25.0,25.0,0.06408730149269104
79,-570.0223975376284,0.6730128848950395,25.0,25.0,0.06805555522441864
80,-539.9492243635066,0.6696478204705644,25.0,25.0,0.05634921044111252
81,-539.7711861231943,0.6662995813682115,25.0,25.0,0.04603174701333046
82,-479.9470381176068,0.6629680834613705,25.0,25.0,0.05694444850087166
83,-570.042948047546,0.6596532430440636,25.0,25.0,0.0694444477558136
84,-600.0522089401737,0.6563549768288433,25.0,25.0,0.06706349551677704
85,-580.0866482463133,0.653073201944699,25.0,25.0,0.07063492387533188
86,-620.0979119659944,0.6498078359349755,25.0,25.0,0.06607142835855484
87,-750.1150547485037,0.6465587967553006,25.0,25.0,0.0674603134393692
88,-829.9647663182666,0.6433260027715241,25.0,25.0,0.05932539701461792
89,-720.2575394363764,0.6401093727576664,25.0,25.0,0.0783730074763298
90,-570.2778116055392,0.6369088258938781,25.0,25.0,0.07718254625797272
91,-670.0661694642421,0.6337242817644086,25.0,25.0,0.06607142835855484
92,-680.0067142740525,0.6305556603555866,25.0,25.0,0.06428571790456772
93,-589.9864845927386,0.6274028820538087,25.0,25.0,0.06289682537317276
94,-589.9555451936191,0.6242658676435396,25.0,25.0,0.06111111491918564
95,-589.9660474711175,0.6211445383053219,25.0,25.0,0.06011904776096344
96,-469.88762406165654,0.6180388156137953,25.0,25.0,0.04781746119260788
97,-739.9379675152477,0.6149486215357263,25.0,25.0,0.05813492462038994
98,-669.992486725295,0.6118738784280476,25.0,25.0,0.06309524178504944
99,-649.8549540466025,0.6088145090359074,25.0,25.0,0.05297619104385376
100,-630.038181133052,0.6057704364907278,25.0,25.0,0.06626984477043152
101,-660.0249262335947,0.6027415843082742,25.0,25.0,0.06468254327774048
102,-680.1045788413043,0.5997278763867329,25.0,25.0,0.06904762238264084
103,-650.0561770053962,0.5967292370047992,25.0,25.0,0.06666667014360428
104,-899.9597660764598,0.5937455908197752,25.0,25.0,0.05634921044111252
105,-620.0814882064659,0.5907768628656763,25.0,25.0,0.06666667014360428
106,-650.0456869651981,0.5878229785513479,25.0,25.0,0.06329365074634552
107,-810.022628682485,0.5848838636585911,25.0,25.0,0.06230159103870392
108,-660.0112679814409,0.5819594443402982,25.0,25.0,0.05873016268014908
109,-570.0109699212305,0.5790496471185967,25.0,25.0,0.0625
110,-610.1000684958558,0.5761543988830038,25.0,25.0,0.06865079700946808
111,-670.0401642648227,0.5732736268885887,25.0,25.0,0.06468254327774048
112,-939.9357175988158,0.5704072587541458,25.0,25.0,0.05396825075149536
113,-809.9650366380906,0.567555222460375,25.0,25.0,0.05912698432803154
114,-789.9876472311205,0.5647174463480732,25.0,25.0,0.05992063879966736
115,-740.0153165803385,0.5618938591163328,25.0,25.0,0.06190476194024086
116,-849.9920509918029,0.5590843898207511,25.0,25.0,0.0575396865606308
117,-899.954494311712,0.5562889678716474,25.0,25.0,0.05535714700818062
118,-940.0031933936988,0.5535075230322891,25.0,25.0,0.05694444850087166
119,-779.9652360552687,0.5507399854171277,25.0,25.0,0.05932540073990822
120,-730.002545273025,0.547986285490042,25.0,25.0,0.0595238097012043
121,-770.0304371412941,0.5452463540625918,25.0,25.0,0.06071428582072258
122,-730.0583961190416,0.5425201222922789,25.0,25.0,0.06210317462682724
123,-710.0094792895046,0.5398075216808175,25.0,25.0,0.06309524178504944
124,-899.9355434567508,0.5371084840724134,25.0,25.0,0.05476190522313118
125,-810.1165679066143,0.5344229416520513,25.0,25.0,0.0625
126,-730.0950480780923,0.531750826943791,25.0,25.0,0.06269840896129608
127,-799.9524073617787,0.5290920728090721,25.0,25.0,0.05436507612466812
128,-839.9495957684258,0.5264466124450268,25.0,25.0,0.05714286118745804
129,-919.9617550315352,0.5238143793828016,25.0,25.0,0.0545634962618351
130,-680.1576145948012,0.5211953074858876,25.0,25.0,0.0694444477558136
131,-979.9259263294896,0.5185893309484582,25.0,25.0,0.05317460373044014
132,-789.9854605333293,0.5159963842937159,25.0,25.0,0.05992063879966736
133,-879.9950933909644,0.5134164023722473,25.0,25.0,0.05773809552192688
134,-830.004438901988,0.510849320360386,25.0,25.0,0.05833333358168602
135,-810.0263836971493,0.5082950737585841,25.0,25.0,0.05773809552192688
136,-789.9343448123548,0.5057535983897912,25.0,25.0,0.05496031790971756
137,-979.9585854320007,0.5032248303978422,25.0,25.0,0.05238095298409462
138,-999.9589998688334,0.500708706245853,25.0,25.0,0.0515873059630394
139,-979.914645041866,0.4982051627146237,25.0,25.0,0.04801587760448456
140,-680.0533189626728,0.49571413690105054,25.0,25.0,0.06210317090153694
141,-769.8836786220371,0.4932355662165453,25.0,25.0,0.05376984179019928
142,-729.9567383399813,0.4907693883854626,25.0,25.0,0.05714285746216774
143,-819.9493233390003,0.4883155414435353,25.0,25.0,0.05218254402279854
144,-889.9967927019305,0.4858739637363176,25.0,25.0,0.05515873432159424
145,-989.9794118599208,0.483444593917636,25.0,25.0,0.05396825820207596
146,-829.9816279219098,0.4810273709480478,25.0,25.0,0.05515873432159424
147,-989.9776145212849,0.47862223409330756,25.0,25.0,0.0535714291036129
148,-960.0254329954134,0.47622912292284103,25.0,25.0,0.05416666716337204
149,-1029.885931378779,0.4738479773082268,25.0,25.0,0.05019841343164444
150,-1049.9477206752952,0.47147873742168567,25.0,25.0,0.0496031753718853
151,-1029.923539966231,0.46912134373457726,25.0,25.0,0.05039682984352112
152,-1129.8517255752856,0.46677573701590436,25.0,25.0,0.04642857611179352
153,-1049.9466865457916,0.46444185833082485,25.0,25.0,0.0496031753718853
154,-1079.8834379499847,0.46211964903917074,25.0,25.0,0.04841269925236702
155,-1039.9074732903377,0.4598090507939749,25.0,25.0,0.05000000074505806
156,-979.9283022816317,0.457510005540005,25.0,25.0,0.05238095298409462
157,-1069.8903213829783,0.45522245551230495,25.0,25.0,0.04880952462553978
158,-889.9709454316459,0.4529463432347434,25.0,25.0,0.05595238134264946
159,-1039.9316136095388,0.4506816115185697,25.0,25.0,0.05000000074505806
160,-1179.8831628319601,0.4484282034609769,25.0,25.0,0.04444444924592972
161,-1149.8789748337265,0.446186062443672,25.0,25.0,0.045634925365448
162,-1079.9150197618271,0.4439551321314536,25.0,25.0,0.04841269925236702
163,-1209.8530050585475,0.4417353564707963,25.0,25.0,0.04325397312641144
164,-899.9423165823332,0.43952667968844233,25.0,25.0,0.05515873432159424
165,-1199.889405605619,0.43732904629000013,25.0,25.0,0.04285714775323868
166,-1019.9071779423198,0.4351424010585501,25.0,25.0,0.05079365149140358
167,-1359.7946384649674,0.43296668905325736,25.0,25.0,0.03730158880352974
168,-980.0247334670939,0.43080185560799106,25.0,25.0,0.05476190522313118
169,-1329.819049880189,0.4286478463299511,25.0,25.0,0.03750000149011612
170,-1219.908396032469,0.42650460709830135,25.0,25.0,0.04384921118617058
171,-1039.9134550360466,0.42437208406280985,25.0,25.0,0.04841269552707672
172,-1249.8825476360907,0.4222502236424958,25.0,25.0,0.04246031492948532
173,-1129.874043074862,0.42013897252428334,25.0,25.0,0.04642857238650322
174,-1109.8898073911707,0.4180382776616619,25.0,25.0,0.04702381044626236
175,-1189.8223903989326,0.4159480862733536,25.0,25.0,0.04285714402794838
176,-1259.8442440243764,0.41386834584198684,25.0,25.0,0.04107142984867096
177,-1229.8773967850764,0.4117990041127769,25.0,25.0,0.04325397312641144
178,-1179.9046049200817,0.40974000909221303,25.0,25.0,0.04503968730568886
179,-1259.8318875991918,0.40769130904675194,25.0,25.0,0.04186508059501648
180,-1279.847726305229,0.40565285250151817,25.0,25.0,0.04027777910232544
181,-1399.8347329493013,0.4036245882390106,25.0,25.0,0.0367063507437706
182,-1219.874298366836,0.4016064652978155,25.0,25.0,0.04285714402794838
183,-1169.8622402074955,0.3995984329713264,25.0,25.0,0.045634925365448
184,-1089.9315624554245,0.3976004408064698,25.0,25.0,0.04523809626698494
185,-1289.811392872119,0.39561243860243744,25.0,25.0,0.04007936641573906
186,-1069.9278917862396,0.3936343764094253,25.0,25.0,0.04880952462553978
187,-1179.8851366384392,0.39166620452737816,25.0,25.0,0.04444444924592972
188,-1139.915526642424,0.3897078735047413,25.0,25.0,0.04642857238650322
189,-1289.8163256939813,0.3877593341372176,25.0,25.0,0.03928571566939354
190,-1289.8242970585272,0.3858205374665315,25.0,25.0,0.0396825410425663
191,-1199.859407699867,0.38389143477919885,25.0,25.0,0.04305555671453476
192,-1279.8230256822378,0.3819719776053028,25.0,25.0,0.03511904925107956
193,-1169.892875406859,0.3800621177172763,25.0,25.0,0.04484127089381218
194,-1209.828362666977,0.37816180712868996,25.0,25.0,0.04285714402794838
195,-1399.783567578351,0.37627099809304654,25.0,25.0,0.0357142873108387
196,-1179.8630240115847,0.3743896431025813,25.0,25.0,0.04444444179534912
197,-1159.8746224314007,0.37251769488706843,25.0,25.0,0.04285714402794838
198,-1119.8604606200197,0.3706551064126331,25.0,25.0,0.0416666679084301
199,-1229.8135086301688,0.36880183088056995,25.0,25.0,0.04146825522184372
200,-1029.925439083215,0.3669578217261671,25.0,25.0,0.045634925365448
201,-1039.9087192788552,0.36512303261753626,25.0,25.0,0.0476190485060215
202,-1169.9515591498202,0.3632974174544486,25.0,25.0,0.04702381044626236
203,-1289.769824459208,0.3614809303671764,25.0,25.0,0.03134920820593834
204,-1279.8457445040897,0.3596735257153405,25.0,25.0,0.03591269999742508
205,-1329.7985442390564,0.3578751580867638,25.0,25.0,0.03432539850473404
206,-1299.7887951966743,0.35608578229633,25.0,25.0,0.0367063507437706
207,-1359.8046779292672,0.3543053533848483,25.0,25.0,0.032738097012043
208,-1199.882924939224,0.35253382661792404,25.0,25.0,0.0436507910490036
209,-1119.9015396225743,0.3507711574848344,25.0,25.0,0.04424603655934334
210,-1419.8081897436805,0.34901730169741024,25.0,25.0,0.03492063283920288
211,-1309.7392391915416,0.3472722151889232,25.0,25.0,0.02936508134007454
212,-1209.8157118872812,0.3455358541129786,25.0,25.0,0.03392857313156128
213,-1269.7695764617097,0.3438081748424137,25.0,25.0,0.03353174775838852
214,-1279.8725778010003,0.3420891339682016,25.0,25.0,0.03908730298280716
215,-1319.8083561658732,0.3403786882983606,25.0,25.0,0.03988095745444298
216,-1269.8342639296452,0.3386767948568688,25.0,25.0,0.03948412835597992
217,-1279.8968453249654,0.33698341088258443,25.0,25.0,0.04007936641573906
218,-1409.8072364126328,0.3352984938281715,25.0,25.0,0.03392857313156128
219,-1489.7974809038733,0.33362200135903064,25.0,25.0,0.03353174775838852
220,-1249.8331723214164,0.33195389135223546,25.0,25.0,0.04146825522184372
221,-1339.8217112986003,0.3302941218954743,25.0,25.0,0.03809523954987526
222,-1269.824172506812,0.32864265128599696,25.0,25.0,0.03809523954987526
223,-1249.8181764795286,0.326999438029567,25.0,25.0,0.03630952537059784
224,-1429.7530170945017,0.3253644408394192,25.0,25.0,0.02658730000257492
225,-1429.7620735583796,0.3237376186352221,25.0,25.0,0.02936508134007454
226,-1319.796523946071,0.322118930542046,25.0,25.0,0.03313492238521576
227,-1419.7580957527557,0.32050833588933575,25.0,25.0,0.02936508134007454
228,-1399.825822254975,0.31890579420988907,25.0,25.0,0.03551587462425232
229,-1379.8525122691924,0.3173112652388396,25.0,25.0,0.03710317611694336
230,-1469.8813659050095,0.3157247089126454,25.0,25.0,0.0357142873108387
231,-1369.9060693454621,0.3141460853680822,25.0,25.0,0.03948412835597992
232,-1269.7851552159898,0.3125753549412418,25.0,25.0,0.03452381119132042
233,-1429.7728604733857,0.31101247816653554,25.0,25.0,0.03194444626569748
234,-1229.7275276123844,0.30945741577570285,25.0,25.0,0.02341269701719284
235,-1479.7161484951466,0.3079101286968243,25.0,25.0,0.02797619067132473
236,-1399.8155873656162,0.3063705780533402,25.0,25.0,0.0357142873108387
237,-1339.8433366555773,0.30483872516307353,25.0,25.0,0.03789682686328888
238,-1349.883465130542,0.3033145315372582,25.0,25.0,0.0376984141767025
239,-1349.7986420741763,0.3017979588795719,25.0,25.0,0.03531746193766594
240,-1239.8321418988492,0.30028896908517405,25.0,25.0,0.03710317239165306
241,-1419.8724225543667,0.2987875242397482,25.0,25.0,0.03650793805718422
242,-1419.8207448557957,0.29729358661854943,25.0,25.0,0.03392857313156128
243,-1399.787997747494,0.29580711868545667,25.0,25.0,0.03412698581814766
244,-1339.779602474826,0.2943280830920294,25.0,25.0,0.03432539850473404
245,-1299.8250513093485,0.29285644267656924,25.0,25.0,0.03630952537059784
246,-1499.7406112884823,0.2913921604631864,25.0,25.0,0.0287698432803154
247,-1429.808560888946,0.28993519966087045,25.0,25.0,0.03293650969862938
248,-1349.8456568325448,0.2884855236625661,25.0,25.0,0.03412698581814766
249,-1469.7565913594972,0.28704309604425327,25.0,25.0,0.02857142873108387
250,-1489.741418021006,0.285607880564032,25.0,25.0,0.02678571455180645
251,-1409.7919330895193,0.28417984116121187,25.0,25.0,0.03690476343035698
252,-1529.753954665791,0.2827589419554058,25.0,25.0,0.02996031753718853
253,-1419.80832553916,0.28134514724562876,25.0,25.0,0.03492063656449318
254,-1469.7951023572232,0.2799384215094006,25.0,25.0,0.03293650969862938
255,-1439.8231758506902,0.27853872940185365,25.0,25.0,0.0337301604449749
256,-1609.7594757094246,0.27714603575484437,25.0,25.0,0.02738095261156559
257,-1529.774815464415,0.2757603055760701,25.0,25.0,0.03134920448064804
258,-1499.7758623303898,0.2743815040481898,25.0,25.0,0.03194444626569748
259,-1529.7407234864302,0.2730095965279488,25.0,25.0,0.03055555745959282
260,-1439.7886068020084,0.27164454854530906,25.0,25.0,0.03015873022377491
261,-1479.7507653856755,0.2702863258025825,25.0,25.0,0.03075396828353405
262,-1499.7928799417161,0.2689348941735696,25.0,25.0,0.0317460335791111
263,-1609.786947948056,0.26759021970270175,25.0,25.0,0.02738095261156559
264,-1399.7965243688693,0.2662522686041882,25.0,25.0,0.03611111268401146
265,-1789.6964282623335,0.2649210072611673,25.0,25.0,0.02023809589445591
266,-1449.799381719492,0.26359640222486147,25.0,25.0,0.0337301604449749
267,-1589.7929171195378,0.26227842021373715,25.0,25.0,0.02817460522055626
268,-1449.8409342594748,0.2609670281126685,25.0,25.0,0.0337301604449749
269,-1599.7697985582797,0.25966219297210513,25.0,25.0,0.02777777798473835
270,-1549.7535971087605,0.2583638820072446,25.0,25.0,0.0297619067132473
271,-1539.7654792249957,0.2570720625972084,25.0,25.0,0.03015873022377491
272,-1429.8333508112937,0.25578670228422234,25.0,25.0,0.03452381119132042
273,-1569.8132377184108,0.25450776877280124,25.0,25.0,0.02896825410425663
274,-1589.7266770010554,0.2532352299289372,25.0,25.0,0.02817460522055626
275,-1599.779288397839,0.2519690537792925,25.0,25.0,0.02777777798473835
276,-1489.8109704676083,0.2507092085103961,25.0,25.0,0.03194444626569748
277,-1579.7616915585204,0.2494556624678441,25.0,25.0,0.02857143059372902
278,-1559.7635955639769,0.24820838415550486,25.0,25.0,0.02936508134007454
279,-1609.7798661080715,0.24696734223472733,25.0,25.0,0.02718253992497921
280,-1439.8078045375262,0.2457325055235537,25.0,25.0,0.03115079551935196
281,-1509.7478120902174,0.24450384299593592,25.0,25.0,0.02599206194281578
282,-1539.6982600863914,0.24328132378095624,25.0,25.0,0.02142857201397419
283,-1619.7346349695783,0.24206491716205145,25.0,25.0,0.0257936529815197
284,-1599.7458215203696,0.2408545925762412,25.0,25.0,0.02757936716079712
285,-1549.7537515265271,0.23965031961336,25.0,25.0,0.02956349216401577
286,-1419.832695291664,0.2384520680152932,25.0,25.0,0.03492063656449318
287,-1569.7530255181005,0.23725980767521673,25.0,25.0,0.02896825410425663
288,-1749.7602678783956,0.23607350863684065,25.0,25.0,0.02182539738714695
289,-1339.865909258714,0.23489314109365644,25.0,25.0,0.03809523954987526
290,-1449.8130016339037,0.23371867538818816,25.0,25.0,0.0337301604449749
291,-1649.7496160578648,0.23255008201124722,25.0,25.0,0.0257936529815197
292,-1459.8395355400985,0.231387331601191,25.0,25.0,0.03333333507180214
293,-1539.7826836231357,0.23023039494318503,25.0,25.0,0.03015873022377491
294,-1509.7974202280664,0.2290792429684691,25.0,25.0,0.03134920820593834
295,-1679.7313254982907,0.22793384675362674,25.0,25.0,0.02500000037252903
296,-1699.7191621499671,0.22679417751985861,25.0,25.0,0.02380952425301075
297,-1609.7839273941183,0.22566020663225933,25.0,25.0,0.02738095261156559
298,-1509.8021579446804,0.22453190559909803,25.0,25.0,0.03134920820593834
299,-1669.7369967455095,0.22340924607110255,25.0,25.0,0.0248015895485878
300,-1529.7929157452804,0.22229219984074702,25.0,25.0,0.03055555745959282
301,-1629.7444520640915,0.2211807388415433,25.0,25.0,0.02638889104127884
302,-1579.7950214773562,0.22007483514733558,25.0,25.0,0.02857142873108387
303,-1589.7530693315675,0.2189744609715989,25.0,25.0,0.02817460522055626
304,-1669.7380573126684,0.2178795886667409,25.0,25.0,0.02500000037252903
305,-1669.7412429410003,0.2167901907234072,25.0,25.0,0.02500000037252903
306,-1509.799421509075,0.21570623976979014,25.0,25.0,0.03115079551935196
307,-1619.7586190352238,0.21462770857094118,25.0,25.0,0.02678571455180645
308,-1509.7858232589324,0.21355457002808648,25.0,25.0,0.03134920820593834
309,-1679.7396492281296,0.21248679717794605,25.0,25.0,0.02460317686200142
310,-1619.755890789442,0.21142436319205632,25.0,25.0,0.02698412910103798
311,-1679.7766269450926,0.21036724137609603,25.0,25.0,0.02460317686200142
312,-1579.8209647573192,0.20931540516921554,25.0,25.0,0.02857142873108387
313,-1569.8220562859851,0.20826882814336947,25.0,25.0,0.02896825410425663
314,-1589.7660962049908,0.20722748400265262,25.0,25.0,0.02817460149526596
315,-1589.7636830999359,0.20619134658263935,25.0,25.0,0.02817460522055626
316,-1569.7813740245344,0.20516038984972615,25.0,25.0,0.02896825410425663
317,-1719.735291474599,0.2041345879004775,25.0,25.0,0.02301587350666523
318,-1649.7440974410513,0.2031139149609751,25.0,25.0,0.0257936529815197
319,-1639.7463283768118,0.20209834538617025,25.0,25.0,0.02619047649204731
320,-1649.753781253455,0.2010878536592394,25.0,25.0,0.0257936529815197
321,-1559.7839047333264,0.2000824143909432,25.0,25.0,0.02936508134007454
322,-1709.712926432585,0.19908200231898848,25.0,25.0,0.02301587350666523
323,-1709.727105246111,0.19808659230739353,25.0,25.0,0.02341270074248314
324,-1599.7903213370344,0.19709615934585656,25.0,25.0,0.02380952425301075
325,-1639.7653357722645,0.19611067854912728,25.0,25.0,0.02619047649204731
326,-1759.7148083417842,0.19513012515638165,25.0,25.0,0.01944444514811039
327,-1469.7418472003317,0.19415447453059972,25.0,25.0,0.02777777798473835
328,-1669.7318071061682,0.19318370215794672,25.0,25.0,0.02500000037252903
329,-1649.770523985376,0.192217783647157,25.0,25.0,0.0257936529815197
330,-1729.7590790571955,0.1912566947289212,25.0,25.0,0.02261904813349247
331,-1639.7483559355544,0.1903004112552766,25.0,25.0,0.02619047649204731
332,-1669.7305938481138,0.18934890919900021,25.0,25.0,0.02500000037252903
333,-1589.7807526492634,0.18840216465300522,25.0,25.0,0.02817460522055626
334,-1859.6935843625422,0.18746015382974018,25.0,25.0,0.01746031828224659
335,-1679.7638216956918,0.1865228530605915,25.0,25.0,0.02400793507695198
336,-1789.7355580864548,0.18559023879528855,25.0,25.0,0.02023809589445591
337,-1599.7492426295635,0.1846622876013121,25.0,25.0,0.02777777798473835
338,-1589.7671732798008,0.18373897616330553,25.0,25.0,0.02738095261156559
339,-1609.755144938686,0.182820281282489,25.0,25.0,0.02559523843228817
340,-1689.803177737174,0.18190617987607657,25.0,25.0,0.02420634962618351
341,-1719.7289920470182,0.18099664897669618,25.0,25.0,0.02301587350666523
342,-1619.7425559077074,0.1800916657318127,25.0,25.0,0.02599206566810608
343,-1599.7328454809963,0.17919120740315364,25.0,25.0,0.02599206380546093
344,-1829.7073150602798,0.17829525136613786,25.0,25.0,0.01845238171517849
345,-1529.8088563809279,0.17740377510930716,25.0,25.0,0.03055555745959282
346,-1849.6602075561993,0.17651675623376062,25.0,25.0,0.01746031828224659
347,-1579.764542239195,0.1756341724525918,25.0,25.0,0.02857142873108387
348,-1759.7065749230674,0.17475600159032884,25.0,25.0,0.02142857201397419
349,-1759.687762154665,0.17388222158237718,25.0,25.0,0.02063492126762867
350,-1649.7660415092694,0.1730128104744653,25.0,25.0,0.02539682574570179
351,-1719.7337302193393,0.17214774642209296,25.0,25.0,0.02301587350666523
352,-1659.770424705405,0.1712870076899825,25.0,25.0,0.02539682574570179
353,-1729.75559905629,0.17043057265153258,25.0,25.0,0.02261904813349247
354,-1659.752957005825,0.16957841978827493,25.0,25.0,0.02440476231276989
355,-1699.7721301833963,0.16873052768933355,25.0,25.0,0.02380952425301075
356,-1679.7306614647177,0.1678868750508869,25.0,25.0,0.02242063730955124
357,-1659.7218323344925,0.16704744067563246,25.0,25.0,0.02202381007373333
358,-1679.7004093079097,0.1662122034722543,25.0,25.0,0.02202381007373333
359,-1429.7774528587615,0.16538114245489302,25.0,25.0,0.02797619067132473
360,-1759.7113415568508,0.16455423674261854,25.0,25.0,0.02043650858104229
361,-1629.7351818838438,0.16373146555890544,25.0,25.0,0.01884920708835125
362,-1529.7911761139458,0.16291280823111093,25.0,25.0,0.03055555745959282
363,-1819.7240464146748,0.16209824418995536,25.0,25.0,0.01904761977493763
364,-1729.7577446744285,0.16128775296900558,25.0,25.0,0.02261904999613762
365,-1739.7172725607936,0.16048131420416054,25.0,25.0,0.02222222462296486
366,-1729.7171626988481,0.15967890763313974,25.0,25.0,0.02261904813349247
367,-1579.7881410594423,0.15888051309497406,25.0,25.0,0.02857142873108387
368,-1819.713722154279,0.1580861105294992,25.0,25.0,0.01904761977493763
369,-1729.742890354374,0.1572956799768517,25.0,25.0,0.02162698656320572
370,-1759.7399926214855,0.15650920157696743,25.0,25.0,0.01984127052128315
371,-1679.7597577867607,0.1557266555690826,25.0,25.0,0.02301587536931038
372,-1689.7150810636526,0.1549480222912372,25.0,25.0,0.01904761977493763
373,-1759.7923981452686,0.15417328217978102,25.0,25.0,0.02142857201397419
374,-1629.7107163072371,0.1534024157688821,25.0,25.0,0.01964285783469677
375,-1709.7549130724703,0.1526354036900377,25.0,25.0,0.02242063544690609
376,-1949.658518601096,0.1518722266715875,25.0,25.0,0.013690476305782795
377,-1569.7730651098855,0.15111286553822956,25.0,25.0,0.02321428619325161
378,-1669.7372362225128,0.15035730121053842,25.0,25.0,0.02222222462296486
379,-1829.7277724582543,0.14960551470448571,25.0,25.0,0.01726190559566021
380,-1639.7132276391126,0.14885748713096328,25.0,25.0,0.02003968134522438
381,-1549.8033575993998,0.14811319969530845,25.0,25.0,0.02777777798473835
382,-1809.7039120034256,0.1473726336968319,25.0,25.0,0.01726190559566021
383,-1739.7176268063988,0.14663577052834775,25.0,25.0,0.02142857201397419
384,-1599.7328169786022,0.14590259167570602,25.0,25.0,0.02083333395421505
385,-1769.713850814772,0.1451730787173275,25.0,25.0,0.01646825484931469
386,-1859.6817878180773,0.14444721332374086,25.0,25.0,0.01408730261027813
387,-1689.6677766226755,0.14372497725712216,25.0,25.0,0.01587301678955555
388,-1819.705669482058,0.14300635237083656,25.0,25.0,0.01904761977493763
389,-1799.7214849683867,0.14229132060898236,25.0,25.0,0.01984127052128315
390,-1739.7312678611806,0.14157986400593744,25.0,25.0,0.02222222462296486
391,-1899.694064761543,0.14087196468590776,25.0,25.0,0.01587301678955555
392,-1769.7353989060496,0.14016760486247823,25.0,25.0,0.02103174664080143
393,-1719.7406288851687,0.13946676683816583,25.0,25.0,0.02301587350666523
394,-1689.769903178902,0.138769433003975,25.0,25.0,0.02420634962618351
395,-1679.757305456084,0.13807558583895513,25.0,25.0,0.02460317686200142
396,-1839.6996669239259,0.13738520790976036,25.0,25.0,0.01825396902859211
397,-1789.7249889509708,0.13669828187021155,25.0,25.0,0.02023809589445591
398,-1789.7268744057158,0.13601479046086049,25.0,25.0,0.02103174664080143
399,-1699.7799693510817,0.1353347165085562,25.0,25.0,0.02380952425301075
400,-1569.7911905095805,0.1346580429260134,25.0,25.0,0.02896825410425663
401,-1819.716028068254,0.13398475271138335,25.0,25.0,0.01904762163758278
402,-1669.7595493049687,0.13331482894782642,25.0,25.0,0.0257936529815197
403,-1759.7157334831986,0.13264825480308728,25.0,25.0,0.02142857201397419
404,-1859.6960723301358,0.13198501352907185,25.0,25.0,0.01746031828224659
405,-1809.7513368063467,0.1313250884614265,25.0,25.0,0.01944444514811039
406,-1789.7295460290827,0.13066846301911936,25.0,25.0,0.02023809589445591
407,-1909.6596452478402,0.13001512070402377,25.0,25.0,0.01646825671195984
408,-1819.7195078038108,0.12936504510050365,25.0,25.0,0.01904761977493763
409,-1869.7445746832873,0.12871821987500112,25.0,25.0,0.01706349290907383
410,-1809.716035838823,0.12807462877562611,25.0,25.0,0.01944444514811039
411,-1849.725359928909,0.12743425563174798,25.0,25.0,0.01785714365541935
412,-1819.7463391675665,0.12679708435358925,25.0,25.0,0.01924603246152401
413,-1799.6951842876547,0.1261630989318213,25.0,25.0,0.01984127052128315
414,-1749.7550913738125,0.1255322834371622,25.0,25.0,0.0218253955245018
415,-1769.7273609905758,0.12490462201997637,25.0,25.0,0.02103174664080143
416,-1689.7652027439512,0.1242800989098765,25.0,25.0,0.02420634962618351
417,-1719.768703238346,0.12365869841532712,25.0,25.0,0.02440476231276989
418,-1699.7367219984708,0.12304040492325048,25.0,25.0,0.02380952425301075
419,-1559.8170265365497,0.12242520289863423,25.0,25.0,0.02678571455180645
420,-1839.728951245248,0.12181307688414106,25.0,25.0,0.01924603059887886
421,-1749.7394243159076,0.12120401149972035,25.0,25.0,0.01984127052128315
422,-1799.7048698561293,0.12059799144222175,25.0,25.0,0.01746031828224659
423,-1759.7281376223125,0.11999500148501063,25.0,25.0,0.01924603246152401
424,-1699.7708469943007,0.11939502647758558,25.0,25.0,0.02380952425301075
425,-1859.6693734609196,0.11879805134519765,25.0,25.0,0.01686508022248745
426,-1709.7352495070238,0.11820406108847166,25.0,25.0,0.02341270074248314
427,-1849.7251697536599,0.1176130407830293,25.0,25.0,0.01785714365541935
428,-1899.7074804113122,0.11702497557911415,25.0,25.0,0.0158730149269104
429,-1699.7907842465618,0.11643985070121858,25.0,25.0,0.02380952425301075
430,-1769.7469451960133,0.11585765144771248,25.0,25.0,0.02103174664080143
431,-1719.754220929717,0.11527836319047392,25.0,25.0,0.02301587350666523
432,-1779.7347895450796,0.11470197137452155,25.0,25.0,0.02063492126762867
433,-1839.7312524801973,0.11412846151764894,25.0,25.0,0.01825396902859211
434,-1869.7053795642687,0.1135578192100607,25.0,25.0,0.01706349290907383
435,-1809.7126376289295,0.11299003011401039,25.0,25.0,0.01944444328546524
436,-1839.7492951680865,0.11242507996344034,25.0,25.0,0.01865079440176487
437,-1739.7692176448027,0.11186295456362313,25.0,25.0,0.02222222462296486
438,-1779.7502178210973,0.11130363979080501,25.0,25.0,0.02063492126762867
439,-1689.7558582777006,0.11074712159185099,25.0,25.0,0.02420634962618351
440,-1689.7840997201924,0.11019338598389174,25.0,25.0,0.02420634962618351
441,-1759.722330708089,0.10964241905397228,25.0,25.0,0.02142857201397419
442,-1739.7302885377976,0.10909420695870241,25.0,25.0,0.02222222462296486
443,-1889.6683936429733,0.1085487359239089,25.0,25.0,0.01626984030008316
444,-1899.7299534078827,0.10800599224428936,25.0,25.0,0.01626984216272831
445,-1849.7023764008227,0.10746596228306791,25.0,25.0,0.01746031828224659
446,-1829.713912259082,0.10692863247165257,25.0,25.0,0.01865079253911972
447,-1739.7833174588347,0.1063939893092943,25.0,25.0,0.02341270074248314
448,-1849.7386368718608,0.10586201936274783,25.0,25.0,0.01706349290907383
449,-1629.7533139465463,0.10533270926593409,25.0,25.0,0.02162698656320572
450,-1739.7194464286722,0.10480604571960442,25.0,25.0,0.01765873096883297
451,-1979.6876321269904,0.1042820154910064,25.0,25.0,0.012698412872850895
452,-1789.7015827479465,0.10376060541355137,25.0,25.0,0.01944444514811039
453,-1779.7762747137135,0.1032418023864836,25.0,25.0,0.02242063544690609
454,-1779.7156894015593,0.10272559337455119,25.0,25.0,0.01805555634200573
455,-1709.8005705976414,0.10221196540767843,25.0,25.0,0.02321428619325161
456,-1809.7661909826968,0.10170090558064004,25.0,25.0,0.01944444514811039
457,-1989.6698449778908,0.10119240105273684,25.0,25.0,0.01230158843100071
458,-1789.761228796514,0.10068643904747315,25.0,25.0,0.02003968320786953
459,-1849.7054625954204,0.10018300685223579,25.0,25.0,0.01765873096883297
460,-1859.7285440264554,0.0996820918179746,25.0,25.0,0.01746031828224659
461,-1799.7701360968783,0.09918368135888474,25.0,25.0,0.01964285783469677
462,-1729.7740308949906,0.09868776295209031,25.0,25.0,0.02261904813349247
463,-1839.7366831101983,0.09819432413732986,25.0,25.0,0.01825396902859211
464,-1729.7869691222113,0.09770335251664321,25.0,25.0,0.02103174664080143
465,-1809.738804591852,0.09721483575406,25.0,25.0,0.01845238171517849
466,-1589.7785650523426,0.09672876157528969,25.0,25.0,0.02420634962618351
467,-1759.7480316912115,0.09624511776741324,25.0,25.0,0.01884920708835125
468,-1799.725507885775,0.09576389217857617,25.0,25.0,0.01924603246152401
469,-1729.7196921414659,0.09528507271768329,25.0,25.0,0.01666666753590107
470,-1839.7194649656312,0.09480864735409487,25.0,25.0,0.01646825484931469
471,-1849.708471915717,0.0943346041173244,25.0,25.0,0.01488095335662365
472,-1669.7678191869593,0.09386293109673778,25.0,25.0,0.02023809775710106
473,-1649.7497819336845,0.09339361644125409,25.0,25.0,0.01805555634200573
474,-1769.7223038877244,0.09292664835904782,25.0,25.0,0.01884920708835125
475,-1829.7354823457865,0.09246201511725258,25.0,25.0,0.01865079440176487
476,-1769.749400448928,0.09199970504166631,25.0,25.0,0.02063492126762867
477,-1689.7518049292592,0.09153970651645797,25.0,25.0,0.02420634962618351
478,-1819.777124095135,0.09108200798387568,25.0,25.0,0.01904761977493763
479,-1939.698768508652,0.0906265979439563,25.0,25.0,0.014285714365541935
480,-1809.719978988081,0.09017346495423652,25.0,25.0,0.01944444514811039
481,-1849.7364256003061,0.08972259762946533,25.0,25.0,0.01805555634200573
482,-1809.7218891004866,0.089273984641318,25.0,25.0,0.01944444514811039
483,-1849.7039084512899,0.0888276147181114,25.0,25.0,0.01805555634200573
484,-1779.750242151842,0.08838347664452084,25.0,25.0,0.02063492126762867
485,-1769.7425681609077,0.08794155926129824,25.0,25.0,0.02103174477815628
486,-1899.6994689673857,0.08750185146499175,25.0,25.0,0.01587301678955555
487,-1899.721516519153,0.08706434220766679,25.0,25.0,0.01587301678955555
488,-1939.65825551916,0.08662902049662846,25.0,25.0,0.01408730261027813
489,-1819.7333872818936,0.08619587539414532,25.0,25.0,0.01904761977493763
490,-1909.7113629512473,0.08576489601717459,25.0,25.0,0.015476190485060215
491,-1789.785110356003,0.08533607153708872,25.0,25.0,0.02023809589445591
492,-1879.702626156445,0.08490939117940327,25.0,25.0,0.01666666753590107
493,-1739.735895933662,0.08448484422350626,25.0,25.0,0.02222222462296486
494,-1739.7853164644546,0.08406242000238873,25.0,25.0,0.02222222462296486
495,-1739.7660158097053,0.08364210790237678,25.0,25.0,0.02222222462296486
496,-1759.7975120577046,0.0832238973628649,25.0,25.0,0.02142857201397419
497,-1789.74069994274,0.08280777787605056,25.0,25.0,0.02023809589445591
498,-1829.7307327180347,0.08239373898667031,25.0,25.0,0.01845238171517849
499,-1889.6783967671506,0.08198177029173696,25.0,25.0,0.01626984216272831
500,-1859.6981100176092,0.08157186144027828,25.0,25.0,0.01686508022248745
501,-1879.7417908061427,0.0811640021330769,25.0,25.0,0.01567460224032402
502,-1709.7785238357285,0.08075818212241151,25.0,25.0,0.02301587350666523
503,-1779.710134220264,0.08035439121179945,25.0,25.0,0.01984127052128315
504,-1939.7002151654162,0.07995261925574046,25.0,25.0,0.01349206455051899
505,-1749.7563517215049,0.07955285615946175,25.0,25.0,0.02142857201397419
506,-1759.7833211113727,0.07915509187866444,25.0,25.0,0.02103174664080143
507,-1779.7182493435857,0.07875931641927113,25.0,25.0,0.02043650858104229
508,-1659.7913602546867,0.07836551983717477,25.0,25.0,0.02420634776353836
509,-1799.7142314188245,0.07797369223798889,25.0,25.0,0.015277775935828686
510,-1749.6904543471614,0.07758382377679894,25.0,25.0,0.01527777872979641
511,-1699.6829035500164,0.07719590465791494,25.0,25.0,0.012500000186264515
512,-1539.7698404514335,0.07680992513462537,25.0,25.0,0.02400793507695198
513,-1849.7290523080692,0.07642587550895225,25.0,25.0,0.01825396902859211
514,-1949.7005124476634,0.07604374613140748,25.0,25.0,0.013888888992369175
515,-1849.7336543662686,0.07566352740075044,25.0,25.0,0.01785714365541935
516,-1819.759878450892,0.07528520976374668,25.0,25.0,0.01904761977493763
517,-1879.7488303294915,0.07490878371492794,25.0,25.0,0.01607142947614193
518,-1699.797481206922,0.0745342397963533,25.0,25.0,0.02123015932738781
519,-1939.6959864937323,0.07416156859737154,25.0,25.0,0.01230158843100071
520,-1839.7142644578948,0.07379076075438468,25.0,25.0,0.01825396902859211
521,-1859.734150849098,0.07342180695061275,25.0,25.0,0.01746031828224659
522,-1839.7120700590588,0.07305469791585968,25.0,25.0,0.01845238171517849
523,-1879.7063243082343,0.07268942442628039,25.0,25.0,0.01666666753590107
524,-1759.780286999189,0.07232597730414898,25.0,25.0,0.02142857201397419
525,-1859.7221425184653,0.07196434741762824,25.0,25.0,0.01805555634200573
526,-1799.7248264986556,0.0716045256805401,25.0,25.0,0.01924603246152401
527,-1859.7533465322654,0.0712465030521374,25.0,25.0,0.01726190559566021
528,-1749.8222222402908,0.0708902705368767,25.0,25.0,0.02182539738714695
529,-1679.7671549514414,0.07053581918419231,25.0,25.0,0.01984127052128315
530,-1499.7237605901119,0.07018314008827135,25.0,25.0,0.01746031641960144
531,-1539.6931266518204,0.06983222438783,25.0,25.0,0.01646825484931469
532,-1789.6717210808667,0.06948306326589085,25.0,25.0,0.011904762126505375
533,-1629.6994570476863,0.0691356479495614,25.0,25.0,0.01527777872979641
534,-1719.7048139174995,0.06878996970981359,25.0,25.0,0.01468254067003727
535,-1579.6937764048305,0.06844601986126451,25.0,25.0,0.01626984030008316
536,-1729.677917435382,0.06810378976195819,25.0,25.0,0.01210317388176918
537,-1719.6865005399757,0.0677632708131484,25.0,25.0,0.0138888880610466
538,-1699.7054280798006,0.06742445445908266,25.0,25.0,0.014285714365541935
539,-1699.7139696487013,0.06708733218678724,25.0,25.0,0.01706349290907383
540,-1879.689144926018,0.0667518955258533,25.0,25.0,0.01587301678955555
541,-1839.7423082567204,0.06641813604822402,25.0,25.0,0.01805555634200573
542,-1749.7711397059786,0.0660860453679829,25.0,25.0,0.02083333395421505
543,-1829.7034575893554,0.06575561514114299,25.0,25.0,0.012698412872850895
544,-1879.6563901226364,0.06542683706543727,25.0,25.0,0.010119047947227955
545,-1859.7152857880526,0.06509970288011008,25.0,25.0,0.01746031828224659
546,-1849.7257751962984,0.06477420436570952,25.0,25.0,0.01785714365541935
547,-1979.726201686758,0.06445033334388098,25.0,25.0,0.012698412872850895
548,-1949.7285607427286,0.06412808167716157,25.0,25.0,0.0138888880610466
549,-1909.6862493710823,0.06380744126877576,25.0,25.0,0.01468254067003727
550,-1759.768394710345,0.06348840406243188,25.0,25.0,0.0208333358168602
551,-1869.738259430665,0.06317096204211972,25.0,25.0,0.01706349104642868
552,-1809.8039340667826,0.06285510723190912,25.0,25.0,0.01944444514811039
553,-1919.7226796682003,0.06254083169574957,25.0,25.0,0.015079365111887455
554,-1699.7600206915492,0.062228127537270826,25.0,25.0,0.02380952425301075
555,-1879.7627618962129,0.06191698689958447,25.0,25.0,0.01666666753590107
556,-1839.7331212480738,0.061607401965086545,25.0,25.0,0.01825396902859211
557,-1999.634100753658,0.06129936495526111,25.0,25.0,0.011904762126505375
558,-1719.82476274312,0.0609928681304848,25.0,25.0,0.02301587350666523
559,-1899.7121605789637,0.060687903789832374,25.0,25.0,0.01587301678955555
560,-1859.7549946331462,0.06038446427088321,25.0,25.0,0.01746031828224659
561,-1879.7523920021288,0.06008254194952879,25.0,25.0,0.01666666753590107
562,-1809.7647279564012,0.05978212923978115,25.0,25.0,0.01944444514811039
563,-1879.6891571843557,0.05948321859358224,25.0,25.0,0.01666666753590107
564,-1889.6956026330702,0.05918580250061433,25.0,25.0,0.01626984216272831
565,-1839.781038114718,0.058889873488111255,25.0,25.0,0.01825396902859211
566,-1549.8066073408947,0.058595424120670696,25.0,25.0,0.0297619067132473
567,-1739.776830287829,0.05830244700006734,25.0,25.0,0.02222222462296486
568,-1769.7965826189077,0.058010934765067,25.0,25.0,0.02103174664080143
569,-1759.7794978775378,0.05772088009124167,25.0,25.0,0.02162698656320572
570,-2009.6963725108324,0.05743227569078546,25.0,25.0,0.011507936753332615
571,-1869.7087884238388,0.05714511431233153,25.0,25.0,0.01706349290907383
572,-1889.7404902663468,0.05685938874076987,25.0,25.0,0.01626984216272831
573,-1889.7458919982007,0.056575091797066025,25.0,25.0,0.01626984216272831
574,-1919.682687018743,0.056292216338080694,25.0,25.0,0.01507936418056488
575,-1719.791143965504,0.05601075525639029,25.0,25.0,0.02301587350666523
576,-1969.6929042153774,0.05573070148010834,25.0,25.0,0.01349206455051899
577,-2039.6424622407196,0.0554520479727078,25.0,25.0,0.010317460633814335
578,-1719.7592199960893,0.05517478773284426,25.0,25.0,0.02261904813349247
579,-1969.6737376348196,0.05489891379418004,25.0,25.0,0.013095238246023655
580,-2019.6894644410127,0.05462441922520914,25.0,25.0,0.01111111231148243
581,-1919.6954870437442,0.0543512971290831,25.0,25.0,0.015079366974532604
582,-1919.7000676556163,0.05407954064343768,25.0,25.0,0.015079365111887455
583,-1649.8525751928103,0.05380914294022049,25.0,25.0,0.0257936529815197
584,-1839.7461329036237,0.05354009722551939,25.0,25.0,0.01825396902859211
585,-2009.6856114622658,0.05327239673939179,25.0,25.0,0.011507936753332615
586,-1769.784648527407,0.053006034755694834,25.0,25.0,0.02103174664080143
587,-1659.8122697817769,0.052741004581916356,25.0,25.0,0.02539682388305664
588,-1889.718415649809,0.052477299559006776,25.0,25.0,0.01626984216272831
589,-1729.7853646214337,0.052214913061211746,25.0,25.0,0.02261904813349247
590,-1869.7708901050974,0.05195383849590569,25.0,25.0,0.01706349104642868
591,-1859.7333963400201,0.05169406930342616,25.0,25.0,0.01746031828224659
592,-1709.8390804938927,0.05143559895690903,25.0,25.0,0.02341270074248314
593,-1799.72570730479,0.051178420962124486,25.0,25.0,0.01984127052128315
594,-1839.712050802077,0.05092252885731386,25.0,25.0,0.01825396902859211
595,-1829.7424077260441,0.05066791621302729,25.0,25.0,0.01865079440176487
596,-1809.7682956218162,0.05041457663196215,25.0,25.0,0.01944444514811039
597,-1919.7310406406757,0.050162503748802344,25.0,25.0,0.015079365111887455
598,-1949.6959193551102,0.049911691230058335,25.0,25.0,0.0138888880610466
599,-1949.711402458936,0.04966213277390804,25.0,25.0,0.013888888992369175
600,-1759.8295223483576,0.0494138221100385,25.0,25.0,0.02142857201397419
601,-1789.7618066774883,0.04916675299948831,25.0,25.0,0.02023809775710106
602,-1799.7386856241728,0.04892091923449087,25.0,25.0,0.01904761977493763
603,-1789.7786083132219,0.04867631463831842,25.0,25.0,0.02023809589445591
604,-1959.7436463445688,0.048432933065126825,25.0,25.0,0.01349206455051899
605,-1869.737653189134,0.048190768399801194,25.0,25.0,0.01706349290907383
606,-1769.7719912506777,0.04794981455780219,25.0,25.0,0.02103174477815628
607,-1759.824294625848,0.04771006548501318,25.0,25.0,0.02142857201397419
608,-1799.7770618101551,0.047471515157588115,25.0,25.0,0.01984127052128315
609,-1929.7502144168031,0.047234157581800176,25.0,25.0,0.01468254067003727
610,-1859.7329636803179,0.046997986793891174,25.0,25.0,0.01746031828224659
611,-1819.775272399344,0.04676299685992172,25.0,25.0,0.01904761977493763
612,-1679.8026673726783,0.04652918187562211,25.0,25.0,0.02460317686200142
613,-1919.718150405931,0.046296535966244,25.0,25.0,0.015476190485060215
614,-1609.8662226787596,0.046065053286412784,25.0,25.0,0.02718253992497921
615,-1729.8105948104837,0.04583472801998072,25.0,25.0,0.02261904813349247
616,-1839.7638199976732,0.045605554379880814,25.0,25.0,0.01825396716594696
617,-1799.8164960812057,0.04537752660798141,25.0,25.0,0.01984127052128315
618,-1849.739749927322,0.0451506389749415,25.0,25.0,0.01785714365541935
619,-1869.781403837896,0.044924885780066794,25.0,25.0,0.01706349290907383
620,-1779.773042329696,0.04470026135116646,25.0,25.0,0.02103174477815628
621,-1869.7464239378946,0.04447676004441063,25.0,25.0,0.01706349290907383
622,-1789.8099450970512,0.04425437624418858,25.0,25.0,0.02023809589445591
623,-1889.7575694288673,0.04403310436296763,25.0,25.0,0.01626984216272831
624,-1929.7051337299354,0.043812938841152796,25.0,25.0,0.01468254067003727
625,-1959.6893564559018,0.04359387414694703,25.0,25.0,0.012698412872850895
626,-1919.7028022326974,0.043375904776212296,25.0,25.0,0.015079365111887455
627,-1859.7344012853334,0.043159025252331236,25.0,25.0,0.01666666753590107
628,-1789.7880333791104,0.04294323012606958,25.0,25.0,0.01865079440176487
629,-1869.7601537620385,0.04272851397543923,25.0,25.0,0.01686508022248745
630,-1819.7691093864823,0.04251487140556204,25.0,25.0,0.01904761977493763
631,-1919.7367120263725,0.04230229704853423,25.0,25.0,0.015079365111887455
632,-1739.789686021172,0.04209078556329156,25.0,25.0,0.02222222462296486
633,-1939.7078097462438,0.0418803316354751,25.0,25.0,0.014285714365541935
634,-1769.806380814302,0.041670929977297724,25.0,25.0,0.02063492126762867
635,-1889.709988043117,0.04146257532741124,25.0,25.0,0.01269841194152832
636,-1759.7462185773607,0.04125526245077418,25.0,25.0,0.01884920708835125
637,-1969.7013493755628,0.04104898613852031,25.0,25.0,0.011904762126505375
638,-1629.831205568279,0.04084374120782771,25.0,25.0,0.02638889104127884
639,-1689.803701344053,0.04063952250178857,25.0,25.0,0.02380952425301075
640,-1769.788868582139,0.04043632488927963,25.0,25.0,0.02103174664080143
641,-1849.7141935117238,0.04023414326483323,25.0,25.0,0.01746031828224659
642,-1959.7175499125615,0.040032972548509065,25.0,25.0,0.01289682649075985
643,-1999.71140198264,0.03983280768576652,25.0,25.0,0.01230158843100071
644,-1889.758539172093,0.03963364364733769,25.0,25.0,0.01626984216272831
645,-1919.741185413551,0.039435475429100995,25.0,25.0,0.01507936418056488
646,-1899.7426015482977,0.03923829805195549,25.0,25.0,0.01587301678955555
647,-1849.758499064654,0.03904210656169572,25.0,25.0,0.01785714365541935
648,-1849.71216540068,0.03884689602888724,25.0,25.0,0.01785714365541935
649,-1799.7592045189047,0.0386526615487428,25.0,25.0,0.01964285783469677
650,-1709.8313301922215,0.03845939824099909,25.0,25.0,0.02341270074248314
651,-1779.7684126552574,0.03826710124979409,25.0,25.0,0.02063492126762867
652,-1749.8335178875006,0.038075765743545126,25.0,25.0,0.02182539738714695
653,-1809.7468731242889,0.0378853869148274,25.0,25.0,0.01944444514811039
654,-1809.797960611671,0.03769595998025326,25.0,25.0,0.01924603246152401
655,-1659.8257712626823,0.03750748018035199,25.0,25.0,0.02440476231276989
656,-2049.6754825756725,0.037319942779450235,25.0,25.0,0.009920635260641575
657,-1899.7256733788804,0.037133343065552986,25.0,25.0,0.01587301678955555
658,-1789.797246555439,0.03694767635022522,25.0,25.0,0.02023809589445591
659,-1709.8309644995668,0.036762937968474095,25.0,25.0,0.02242063544690609
660,-1809.7643402524463,0.03657912327863173,25.0,25.0,0.01944444514811039
661,-1469.8518433166666,0.036396227662238566,25.0,25.0,0.02380952425301075
662,-2079.6753378325757,0.03621424652392737,25.0,25.0,0.008333333767950535
663,-1689.7147268086571,0.036033175291307735,25.0,25.0,0.014880952425301075
664,-1599.784578563376,0.03585300941485119,25.0,25.0,0.02063492126762867
665,-1909.7287869922504,0.035673744367776934,25.0,25.0,0.015476190485060215
666,-1869.7407111978869,0.03549537564593805,25.0,25.0,0.01706349290907383
667,-1729.811956693345,0.035317898767708356,25.0,25.0,0.02261904813349247
668,-1819.7787295302046,0.03514130927386981,25.0,25.0,0.01904761977493763
669,-1799.7669294878235,0.03496560272750046,25.0,25.0,0.01984127052128315
670,-1869.757868219886,0.03479077471386296,25.0,25.0,0.01706349290907383
671,-1739.8185561033167,0.03461682084029365,25.0,25.0,0.02202381193637848
672,-1859.686836897821,0.034443736736092176,25.0,25.0,0.01646825484931469
673,-1799.789775682384,0.034271518052411715,25.0,25.0,0.01865079253911972
674,-1889.7455134456666,0.034100160462149656,25.0,25.0,0.01626984216272831
675,-1729.7970204924288,0.03392965965983891,25.0,25.0,0.02261904813349247
676,-1799.7858167098348,0.033760011361539714,25.0,25.0,0.02003968320786953
677,-1769.7770808892378,0.03359121130473201,25.0,25.0,0.02103174664080143
678,-1869.7348885718131,0.033423255248208356,25.0,25.0,0.0168650783598423
679,-1969.6747742352995,0.03325613897196732,25.0,25.0,0.013095238246023655
680,-1909.7335289885505,0.03308985827710748,25.0,25.0,0.015476190485060215
681,-1929.7195669601786,0.032924408985721944,25.0,25.0,0.01468254067003727
682,-1809.7789012619264,0.03275978694079333,25.0,25.0,0.01944444514811039
683,-1619.8236845100087,0.032595988006089364,25.0,25.0,0.02222222089767456
684,-1829.7580778496915,0.032433008066058915,25.0,25.0,0.01726190559566021
685,-1829.7598746391147,0.03227084302572862,25.0,25.0,0.01904761977493763
686,-1699.772560244181,0.032109488810599975,25.0,25.0,0.02361111156642437
687,-1889.7215891966746,0.031948941366546975,25.0,25.0,0.01626984216272831
688,-1919.6934287073109,0.03178919665971424,25.0,25.0,0.01408730261027813
689,-1849.7142050002615,0.03163025067641567,25.0,25.0,0.0168650783598423
690,-1739.7331848878584,0.03147209942303359,25.0,25.0,0.01686508022248745
691,-1759.7771325132555,0.03131473892591842,25.0,25.0,0.01845238171517849
692,-1799.7899406419588,0.031158165231288826,25.0,25.0,0.01984127052128315
693,-1839.7671655730555,0.03100237440513238,25.0,25.0,0.01825396902859211
694,-1969.727586455653,0.030847362533106718,25.0,25.0,0.013095238246023655
695,-1869.7355769333178,0.030693125720441184,25.0,25.0,0.01706349290907383
696,-1889.7216182059522,0.030539660091838977,25.0,25.0,0.01626984030008316
697,-1859.7984862695141,0.03038696179137978,25.0,25.0,0.01746031828224659
698,-1829.7532636735662,0.030235026982422884,25.0,25.0,0.01865079253911972
699,-1799.781536613551,0.030083851847510768,25.0,25.0,0.01984127052128315
700,-1709.8096543237668,0.029933432588273214,25.0,25.0,0.02341270074248314
701,-1829.761513756084,0.029783765425331846,25.0,25.0,0.01904761977493763
702,-1729.8107289084605,0.029634846598205186,25.0,25.0,0.02261904813349247
703,-1839.7485894366484,0.02948667236521416,25.0,25.0,0.01805555447936058
704,-1889.7353779921873,0.029339239003388088,25.0,25.0,0.01587301678955555
705,-1909.7499889899002,0.029192542808371146,25.0,25.0,0.015476190485060215
706,-1779.793426594139,0.02904658009432929,25.0,25.0,0.02063492126762867
707,-1839.794222288102,0.028901347193857643,25.0,25.0,0.01825396902859211
708,-1879.7425679271198,0.028756840457888354,25.0,25.0,0.01666666753590107
709,-1739.8105087274791,0.02861305625559891,25.0,25.0,0.02222222462296486
710,-1829.763241653217,0.028469990974320916,25.0,25.0,0.01726190559566021
711,-1949.7104143569663,0.02832764101944931,25.0,25.0,0.013095238246023655
712,-1979.6875517101191,0.028186002814352063,25.0,25.0,0.012500000186264515
713,-1949.7059880603795,0.0280450728002803,25.0,25.0,0.010714286006987095
714,-1839.7619409487647,0.0279048474362789,25.0,25.0,0.01646825298666954
715,-1829.776547249191,0.027765323199097504,25.0,25.0,0.01626984216272831
716,-1879.7291433785172,0.027626496583102015,25.0,25.0,0.015079365111887455
717,-1949.7022149950253,0.027488364100186506,25.0,25.0,0.012698412872850895
718,-1879.7480826508001,0.027350922279685573,25.0,25.0,0.01607142947614193
719,-1999.7237238449736,0.027214167668287145,25.0,25.0,0.011904762126505375
720,-1739.812835458179,0.02707809682994571,25.0,25.0,0.02222222462296486
721,-1779.7903766669447,0.02694270634579598,25.0,25.0,0.02063492126762867
722,-1739.8055232412532,0.026807992814067,25.0,25.0,0.02222222462296486
723,-1889.7822041368242,0.026673952849996664,25.0,25.0,0.01626984216272831
724,-1989.7333102640762,0.02654058308574668,25.0,25.0,0.01230158843100071
725,-1859.7415864998222,0.026407880170317945,25.0,25.0,0.01607142947614193
726,-1629.7863964878545,0.026275840769466357,25.0,25.0,0.01865079253911972
727,-1779.7665182834335,0.026144461565619025,25.0,25.0,0.01765873096883297
728,-1759.7504670643923,0.02601373925779093,25.0,25.0,0.01884920708835125
729,-1779.6997673801563,0.025883670561501974,25.0,25.0,0.015476190485060215
730,-1789.7196309151027,0.025754252208694463,25.0,25.0,0.01527777872979641
731,-2039.6679955959605,0.02562548094765099,25.0,25.0,0.009920635260641575
732,-1929.7539675419828,0.025497353542912736,25.0,25.0,0.014285714365541935
733,-1859.7116122673854,0.02536986677519817,25.0,25.0,0.01527777872979641
734,-1689.7514154273986,0.02524301744132218,25.0,25.0,0.01706349104642868
735,-1799.7547874995932,0.025116802354115567,25.0,25.0,0.01726190559566021
736,-1749.7467812549748,0.024991218342344988,25.0,25.0,0.01984127052128315
737,-1819.7829001498817,0.024866262250633264,25.0,25.0,0.01686508022248745
738,-1729.7612561388082,0.024741930939380097,25.0,25.0,0.01666666753590107
739,-1789.765053885684,0.024618221284683196,25.0,25.0,0.01845238171517849
740,-1929.7135453668,0.02449513017825978,25.0,25.0,0.01349206455051899
741,-1789.770009732224,0.02437265452736848,25.0,25.0,0.0168650783598423
742,-1849.767636824694,0.024250791254731636,25.0,25.0,0.01785714365541935
743,-1639.7119453474227,0.024129537298457977,25.0,25.0,0.014285714365541935
744,-1859.7741938267604,0.024008889611965685,25.0,25.0,0.01746031828224659
745,-1669.777123218408,0.023888845163905856,25.0,25.0,0.02023809589445591
746,-1769.8052030965368,0.023769400938086327,25.0,25.0,0.02162698656320572
747,-1829.750212069967,0.023650553933395897,25.0,25.0,0.01746031828224659
748,-1829.7858325951884,0.023532301163728918,25.0,25.0,0.01865079440176487
749,-1839.755022198541,0.023414639657910272,25.0,25.0,0.01825396902859211
750,-1839.7561717249955,0.023297566459620722,25.0,25.0,0.01825396902859211
751,-1829.7883729350865,0.023181078627322618,25.0,25.0,0.01825396902859211
752,-1969.7363507245545,0.023065173234186005,25.0,25.0,0.011904762126505375
753,-1739.7616870697052,0.022949847368015076,25.0,25.0,0.02083333395421505
754,-2059.6651759929878,0.022835098131175,25.0,25.0,0.009325397200882435
755,-1949.7148776816232,0.022720922640519125,25.0,25.0,0.013888888992369175
756,-1839.7677732487691,0.02260731802731653,25.0,25.0,0.01825396902859211
757,-1769.7632166515689,0.022494281437179946,25.0,25.0,0.01944444514811039
758,-1819.7932543499455,0.022381810029994047,25.0,25.0,0.01904761977493763
759,-1849.76281386832,0.022269900979844076,25.0,25.0,0.01765873096883297
760,-1519.864102518444,0.022158551474944856,25.0,25.0,0.02619047649204731
761,-1829.7683047870064,0.022047758717570132,25.0,25.0,0.01845238171517849
762,-1779.823588435899,0.021937519923982282,25.0,25.0,0.02063491940498352
763,-1779.7532413366343,0.021827832324362372,25.0,25.0,0.01706349290907383
764,-1889.7284639038642,0.02171869316274056,25.0,25.0,0.01607142947614193
765,-1879.7514445425306,0.021610099696926857,25.0,25.0,0.01666666753590107
766,-1909.7648423648125,0.021502049198442223,25.0,25.0,0.01547619141638279
767,-1809.742255792814,0.021394538952450012,25.0,25.0,0.01904761977493763
768,-1959.7203267610778,0.02128756625768776,25.0,25.0,0.01349206455051899
769,-1849.7200887494228,0.021181128426399323,25.0,25.0,0.01785714365541935
770,-1989.7028773719205,0.021075222784267326,25.0,25.0,0.01230158843100071
771,-1879.7776339779705,0.020969846670345987,25.0,25.0,0.01666666753590107
772,-1899.7060807276816,0.020864997436994256,25.0,25.0,0.0158730149269104
773,-1699.8239371221507,0.020760672449809284,25.0,25.0,0.02380952425301075
774,-2009.694794179764,0.020656869087560238,25.0,25.0,0.011309524066746235
775,-1959.6947361636683,0.020553584742122436,25.0,25.0,0.009722222574055195
776,-1399.8320186558956,0.020450816818411825,25.0,25.0,0.02678571455180645
777,-1619.8642297101342,0.020348562734319765,25.0,25.0,0.02400793880224228
778,-1779.718552499658,0.020246819920648168,25.0,25.0,0.015476190485060215
779,-1759.7492444694815,0.020145585821044927,25.0,25.0,0.01726190559566021
780,-1779.7734906608268,0.020044857891939702,25.0,25.0,0.019841268658638
781,-1829.7375550646277,0.019944633602480003,25.0,25.0,0.01845238171517849
782,-1909.7177995863967,0.019844910434467605,25.0,25.0,0.01349206455051899
783,-1739.7393572491105,0.019745685882295267,25.0,25.0,0.01507936418056488
784,-1749.7944210144508,0.01964695745288379,25.0,25.0,0.01904761977493763
785,-1869.7872707690851,0.01954872266561937,25.0,25.0,0.01706349290907383
786,-1949.7103553161915,0.019450979052291272,25.0,25.0,0.013888890855014324
787,-1739.8232093840666,0.019353724157029815,25.0,25.0,0.02222222462296486
788,-1849.7692234014453,0.019256955536244666,25.0,25.0,0.01785714365541935
789,-1839.7887012899596,0.019160670758563442,25.0,25.0,0.01825396902859211
790,-2059.6532567221434,0.019064867404770626,25.0,25.0,0.009523809887468815
791,-1659.8621968854009,0.018969543067746772,25.0,25.0,0.02539682574570179
792,-1789.7584369489146,0.018874695352408037,25.0,25.0,0.01825396902859211
793,-1909.6875029160317,0.018780321875645996,25.0,25.0,0.012698412872850895
794,-1849.7706419312253,0.018686420266267767,25.0,25.0,0.01785714365541935
795,-1879.7816233376448,0.018592988164936427,25.0,25.0,0.01666666753590107
796,-1829.8074615612684,0.018500023224111744,25.0,25.0,0.01865079440176487
797,-1889.7500100801653,0.018407523107991184,25.0,25.0,0.01626984216272831
798,-1729.8000717482955,0.01831548549245123,25.0,25.0,0.02261904813349247
799,-1849.7651649490003,0.018223908064988973,25.0,25.0,0.01666666753590107
800,-1849.7731358535216,0.018132788524664028,25.0,25.0,0.01785714365541935
801,-1959.7121025595236,0.018042124582040707,25.0,25.0,0.0128968246281147
802,-1909.7161268958657,0.017951913959130504,25.0,25.0,0.014484128914773464
803,-1949.7135716260632,0.01786215438933485,25.0,25.0,0.013888888992369175
804,-1939.7081799489897,0.017772843617388175,25.0,25.0,0.014285714365541935
805,-1809.742223022628,0.017683979399301233,25.0,25.0,0.01924603059887886
806,-1879.7568066412919,0.017595559502304726,25.0,25.0,0.01666666753590107
807,-1879.7192798733145,0.0175075817047932,25.0,25.0,0.01666666753590107
808,-1839.779243106029,0.017420043796269234,25.0,25.0,0.01825396902859211
809,-1899.7370946519256,0.017332943577287888,25.0,25.0,0.01567460410296917
810,-1569.8779977127574,0.01724627885940145,25.0,25.0,0.02896825224161148
811,-1749.7835165053546,0.017160047465104442,25.0,25.0,0.02142857201397419
812,-1679.8440641408247,0.01707424722777892,25.0,25.0,0.02460317686200142
813,-1839.7657915435773,0.016988875991640028,25.0,25.0,0.01785714365541935
814,-1789.7571385423673,0.016903931611681827,25.0,25.0,0.01904761977493763
815,-1829.816000646462,0.01681941195362342,25.0,25.0,0.01765873096883297
816,-1819.738995463016,0.016735314893855303,25.0,25.0,0.01626984030008316
817,-1879.730288149127,0.016651638319386028,25.0,25.0,0.01646825484931469
818,-1819.7567408398352,0.0165683801277891,25.0,25.0,0.01825396902859211
819,-1819.7636600697947,0.016485538227150154,25.0,25.0,0.01746031828224659
820,-1839.745043270002,0.0164031105360144,25.0,25.0,0.01686508022248745
821,-1679.7571588573041,0.01632109498333433,25.0,25.0,0.01964285783469677
822,-1699.7854058986927,0.016239489508417658,25.0,25.0,0.02202381007373333
823,-1909.7657132074721,0.01615829206087557,25.0,25.0,0.01547619141638279
824,-1839.7308884709757,0.01607750060057119,25.0,25.0,0.01825396902859211
825,-1869.7618190573198,0.015997113097568336,25.0,25.0,0.01646825484931469
826,-1769.7994498917176,0.015917127532080494,25.0,25.0,0.02222222462296486
827,-1719.801484217142,0.01583754189442009,25.0,25.0,0.02301587350666523
828,-1679.9014261673933,0.01575835418494799,25.0,25.0,0.02420635148882866
829,-1939.7079653574438,0.01567956241402325,25.0,25.0,0.014285714365541935
830,-1819.7910239131354,0.015601164601953134,25.0,25.0,0.01884920708835125
831,-1809.8055379128325,0.015523158778943369,25.0,25.0,0.01944444514811039
832,-1919.717223037743,0.015445542985048652,25.0,25.0,0.015079366974532604
833,-1869.751788760399,0.015368315270123408,25.0,25.0,0.01706349290907383
834,-1849.774979082982,0.01529147369377279,25.0,25.0,0.01785714365541935
835,-1769.778265961358,0.015215016325303928,25.0,25.0,0.02083333395421505
836,-1819.7723616390815,0.015138941243677408,25.0,25.0,0.01904761977493763
837,-1849.7961891167563,0.01506324653745902,25.0,25.0,0.01785714365541935
838,-1929.7453632368188,0.014987930304771725,25.0,25.0,0.014880952425301075
839,-1919.7484481289134,0.014912990653247866,25.0,25.0,0.014285714365541935
840,-1879.7587713653688,0.014838425699981627,25.0,25.0,0.0168650783598423
841,-1889.7119479679675,0.01476423357148172,25.0,25.0,0.01607142947614193
842,-1789.8118246751326,0.014690412403624311,25.0,25.0,0.02023809589445591
843,-1799.7693438802953,0.01461696034160619,25.0,25.0,0.02043650858104229
844,-1949.699792661498,0.014543875539898159,25.0,25.0,0.013888888992369175
845,-1799.8243070021529,0.014471156162198668,25.0,25.0,0.01984127052128315
846,-1859.7652868814698,0.014398800381387675,25.0,25.0,0.01746031641960144
847,-1859.7700315975014,0.014326806379480736,25.0,25.0,0.01765873096883297
848,-1859.801777671916,0.014255172347583332,25.0,25.0,0.01746031828224659
849,-1859.7551989848528,0.014183896485845416,25.0,25.0,0.01746031641960144
850,-1869.7584241870547,0.014112977003416188,25.0,25.0,0.01607142947614193
851,-1839.758148843209,0.014042412118399107,25.0,25.0,0.01845238171517849
852,-1659.779459357292,0.013972200057807112,25.0,25.0,0.02083333395421505
853,-1819.7477934995975,0.013902339057518077,25.0,25.0,0.01785714365541935
854,-1779.733934987242,0.013832827362230486,25.0,25.0,0.01746031828224659
855,-1699.783563479884,0.013763663225419333,25.0,25.0,0.01865079440176487
856,-1669.7770833198758,0.013694844909292236,25.0,25.0,0.01984127052128315
857,-1739.8089243699492,0.013626370684745774,25.0,25.0,0.02202381007373333
858,-1589.8840501596674,0.013558238831322046,25.0,25.0,0.02817460522055626
859,-1799.8083326183767,0.013490447637165436,25.0,25.0,0.01984127052128315
860,-1789.77582919289,0.013422995398979608,25.0,25.0,0.01944444514811039
861,-1919.7610725486618,0.01335588042198471,25.0,25.0,0.01507936418056488
862,-1949.7135268494883,0.013289101019874787,25.0,25.0,0.013888888992369175
863,-1929.6996757702466,0.013222655514775413,25.0,25.0,0.014880952425301075
864,-1789.7716129209343,0.013156542237201536,25.0,25.0,0.01825396902859211
865,-1739.750103733284,0.013090759526015528,25.0,25.0,0.01726190559566021
866,-1509.7450046990239,0.01302530572838545,25.0,25.0,0.0168650783598423
867,-1789.7163559815074,0.012960179199743523,25.0,25.0,0.0168650783598423
868,-1809.7442426474695,0.012895378303744804,25.0,25.0,0.01765872910618782
869,-1679.759668216837,0.01283090141222608,25.0,25.0,0.02301587350666523
870,-1879.7582794646144,0.012766746905164949,25.0,25.0,0.015476190485060215
871,-1949.6938586579429,0.012702913170639124,25.0,25.0,0.012500000186264515
872,-1899.7448892548255,0.012639398604785928,25.0,25.0,0.015476190485060215
873,-1889.700170726773,0.012576201611761997,25.0,25.0,0.013690476305782795
874,-1879.7563679026375,0.012513320603703188,25.0,25.0,0.01666666753590107
875,-1729.7241143230492,0.012450754000684672,25.0,25.0,0.01726190559566021
876,-1749.7559904138177,0.012388500230681249,25.0,25.0,0.01726190559566021
877,-1949.710878953634,0.012326557729527843,25.0,25.0,0.01349206455051899
878,-1919.747688109907,0.012264924940880204,25.0,25.0,0.01567460410296917
879,-1839.789670943649,0.012203600316175803,25.0,25.0,0.01726190559566021
880,-1959.7089818322747,0.012142582314594924,25.0,25.0,0.013293650932610035
881,-1769.7753615309593,0.01208186940302195,25.0,25.0,0.02043650858104229
882,-1859.7731542953798,0.01202146005600684,25.0,25.0,0.01527777872979641
883,-1769.7980411688336,0.011961352755726806,25.0,25.0,0.02123015932738781
884,-1909.7658586218383,0.01190154599194817,25.0,25.0,0.01587301678955555
885,-1819.7814857828803,0.01184203826198843,25.0,25.0,0.01507936418056488
886,-2009.7047202603276,0.011782828070678488,25.0,25.0,0.010912698693573475
887,-1939.7495422912273,0.011723913930325095,25.0,25.0,0.014285714365541935
888,-1879.8057230267154,0.01166529436067347,25.0,25.0,0.01785714365541935
889,-1799.7967861153065,0.011606967888870102,25.0,25.0,0.01904761977493763
890,-1879.771683153587,0.01154893304942575,25.0,25.0,0.01666666753590107
891,-1899.7161537930701,0.011491188384178622,25.0,25.0,0.0158730149269104
892,-1839.8320103557974,0.011433732442257729,25.0,25.0,0.01825396716594696
893,-1729.8533672547885,0.01137656378004644,25.0,25.0,0.02261904813349247
894,-1799.7616335847592,0.011319680961146208,25.0,25.0,0.01746031828224659
895,-1589.720556374057,0.011263082556340478,25.0,25.0,0.01726190559566021
896,-1799.7243134684138,0.011206767143558775,25.0,25.0,0.013095238246023655
897,-1819.7593343991343,0.011150733307840981,25.0,25.0,0.0188492052257061
898,-1999.6884334069962,0.011094979641301777,25.0,25.0,0.011904762126505375
899,-2069.669497211372,0.011039504743095268,25.0,25.0,0.009126984514296055
900,-2059.699690921041,0.01098430721937979,25.0,25.0,0.00932539626955986
901,-1869.7520437150392,0.010929385683282892,25.0,25.0,0.01805555634200573
902,-1899.755386784922,0.010874738754866477,25.0,25.0,0.0158730149269104
903,-2019.717600521687,0.010820365061092144,25.0,25.0,0.010714286006987095
904,-1889.7282636074906,0.010766263235786683,25.0,25.0,0.01408730074763298
905,-1869.7764684315202,0.01071243191960775,25.0,25.0,0.01646825484931469
906,-1989.7249334979347,0.010658869760009713,25.0,25.0,0.012103174813091755
907,-1779.7733503443305,0.010605575411209664,25.0,25.0,0.01984127052128315
908,-1949.6919535470533,0.010552547534153616,25.0,25.0,0.0109126977622509
909,-1939.7545485770177,0.010499784796482848,25.0,25.0,0.013888888992369175
910,-1839.733794960075,0.010447285872500434,25.0,25.0,0.014682539738714695
911,-1669.840494663643,0.01039504944313793,25.0,25.0,0.02301587350666523
912,-1949.732463640641,0.010343074195922241,25.0,25.0,0.01408730261027813
913,-1939.736483631307,0.01029135882494263,25.0,25.0,0.014285714365541935
914,-1939.778280787199,0.010239902030817916,25.0,25.0,0.01468254067003727
915,-1939.7333008391042,0.010188702520663827,25.0,25.0,0.01309523917734623
916,-1869.7287940557296,0.010137759008060509,25.0,25.0,0.01706349104642868
917,-1869.78693178256,0.010087070213020206,25.0,25.0,0.01706349290907383
918,-1889.732451360327,0.010036634861955105,25.0,25.0,0.01547619141638279
919,-1859.7680500238475,0.01,25.0,25.0,0.01746031828224659
920,-1899.7337214505728,0.01,25.0,25.0,0.0158730149269104
921,-1749.8409147719433,0.01,25.0,25.0,0.02182539738714695
922,-1759.8253863174375,0.01,25.0,25.0,0.02142857201397419
923,-1839.782944482325,0.01,25.0,25.0,0.01825396902859211
924,-1959.7344397395877,0.01,25.0,25.0,0.01349206455051899
925,-2009.690451741854,0.01,25.0,25.0,0.01349206455051899
926,-1979.7432464543774,0.01,25.0,25.0,0.01230158843100071
927,-1799.7753442087626,0.01,25.0,25.0,0.01825396902859211
928,-1859.75276330401,0.01,25.0,25.0,0.01726190559566021
929,-1679.8577951293105,0.01,25.0,25.0,0.02460317686200142
930,-1859.7670938905956,0.01,25.0,25.0,0.01726190559566021
931,-1779.7613433675554,0.01,25.0,25.0,0.01865079253911972
932,-1979.6760814817774,0.01,25.0,25.0,0.010515873320400715
933,-1699.8094616370377,0.01,25.0,25.0,0.02043650858104229
934,-2009.6790868543644,0.01,25.0,25.0,0.01111111044883728
935,-1829.7449363107078,0.01,25.0,25.0,0.01765872910618782
936,-1829.732694537746,0.01,25.0,25.0,0.01825396902859211
937,-1809.7457483804064,0.01,25.0,25.0,0.01805555634200573
938,-1849.810510033682,0.01,25.0,25.0,0.01746031828224659
939,-2009.7246730843945,0.01,25.0,25.0,0.013293650932610035
940,-1899.751962554359,0.01,25.0,25.0,0.015079365111887455
941,-1759.8010397703094,0.01,25.0,25.0,0.02142857201397419
942,-1949.7420503539506,0.01,25.0,25.0,0.013888888992369175
943,-1789.7844817120297,0.01,25.0,25.0,0.02023809589445591
944,-1849.8072372937215,0.01,25.0,25.0,0.01865079440176487
945,-1969.7182212866385,0.01,25.0,25.0,0.014285714365541935
946,-1979.712862350413,0.01,25.0,25.0,0.014285714365541935
947,-1909.7838143851175,0.01,25.0,25.0,0.01706349290907383
948,-1719.7825394873332,0.01,25.0,25.0,0.01785714365541935
949,-1899.76359689858,0.01,25.0,25.0,0.01587301678955555
950,-1939.7256291986262,0.01,25.0,25.0,0.01170635037124157
951,-1839.7503886352583,0.01,25.0,25.0,0.01825396716594696
952,-1819.7942166160074,0.01,25.0,25.0,0.02023809589445591
953,-1869.7590571250596,0.01,25.0,25.0,0.01726190559566021
954,-1899.7356449861143,0.01,25.0,25.0,0.01626984030008316
955,-1889.776947415957,0.01,25.0,25.0,0.01746031828224659
956,-1929.7303128014007,0.01,25.0,25.0,0.015079365111887455
957,-1939.767961484064,0.01,25.0,25.0,0.01587301678955555
958,-1989.7410271847148,0.01,25.0,25.0,0.01468254067003727
959,-1849.808618339551,0.01,25.0,25.0,0.01785714365541935
960,-1829.8286478408843,0.01,25.0,25.0,0.02063492126762867
961,-1809.7809050991896,0.01,25.0,25.0,0.01944444514811039
962,-1929.7133888624721,0.01,25.0,25.0,0.01468254067003727
963,-1909.7640591570364,0.01,25.0,25.0,0.01626984216272831
964,-1959.7205758732068,0.01,25.0,25.0,0.0138888880610466
965,-1949.704437635045,0.01,25.0,25.0,0.01468254067003727
966,-1809.8142198714122,0.01,25.0,25.0,0.02023809589445591
967,-1879.786454920821,0.01,25.0,25.0,0.01706349104642868
968,-1779.8276888210319,0.01,25.0,25.0,0.02103174477815628
969,-1939.7207921980605,0.01,25.0,25.0,0.014285714365541935
970,-1889.735579578061,0.01,25.0,25.0,0.01626984216272831
971,-1689.8506977406296,0.01,25.0,25.0,0.02420634962618351
972,-1839.8048346949079,0.01,25.0,25.0,0.01825396902859211
973,-1939.7366776482631,0.01,25.0,25.0,0.014285714365541935
974,-1939.7310102562867,0.01,25.0,25.0,0.014285714365541935
975,-1989.72166026652,0.01,25.0,25.0,0.01230158656835556
976,-1929.7401936065125,0.01,25.0,25.0,0.01468254067003727
977,-1929.7284552971225,0.01,25.0,25.0,0.014682539738714695
978,-1969.7220811712523,0.01,25.0,25.0,0.01309523917734623
979,-1979.7533704305852,0.01,25.0,25.0,0.01309523917734623
980,-1939.7202875579042,0.01,25.0,25.0,0.014285714365541935
981,-1949.7034817215265,0.01,25.0,25.0,0.013888888992369175
982,-1809.779356710997,0.01,25.0,25.0,0.01984127052128315
983,-1899.7552746060758,0.01,25.0,25.0,0.01587301678955555
984,-1949.732557740713,0.01,25.0,25.0,0.013888888992369175
985,-1739.8025408528736,0.01,25.0,25.0,0.02222222462296486
986,-1839.7630834977804,0.01,25.0,25.0,0.01825396716594696
987,-1919.7525090665465,0.01,25.0,25.0,0.015079365111887455
988,-1949.718364613728,0.01,25.0,25.0,0.013888888992369175
989,-1829.8163270131452,0.01,25.0,25.0,0.01845238171517849
990,-1759.772658566802,0.01,25.0,25.0,0.02142857201397419
991,-1949.7479230192819,0.01,25.0,25.0,0.015079365111887455
992,-2059.695830811785,0.01,25.0,25.0,0.010119047947227955
993,-2009.7140738121295,0.01,25.0,25.0,0.011507936753332615
994,-1799.7751260861482,0.01,25.0,25.0,0.01984127052128315
995,-1889.7832254110215,0.01,25.0,25.0,0.01626984030008316
996,-1849.7532709668287,0.01,25.0,25.0,0.0178571417927742
997,-1909.7126141003387,0.01,25.0,25.0,0.01607142947614193
998,-2059.711427991768,0.01,25.0,25.0,0.009920635260641575
999,-1939.7196003184695,0.01,25.0,25.0,0.014285714365541935
1000,-1939.7669705731673,0.01,25.0,25.0,0.014285714365541935
